<?xml version="1.0" encoding="utf-8" ?>
<Defs>
  <!-- 包扎 -->
  <AbilityDef ParentName="PsycastBase">
    <defName>LingAbiBind</defName>
    <label>bind</label>
    <description>立即对一个目标身上至多5个伤口进行包扎</description>
    <level>1</level>
    <iconPath>UI/Abilities/LingAbiBind</iconPath>
    <statBases>
      <Ability_EntropyGain>20</Ability_EntropyGain>
    </statBases>
    <verbProperties>
      <warmupTime>0.5</warmupTime>
      <range>10</range>
      <targetParams>
        <canTargetSelf>True</canTargetSelf>
        <canTargetAnimals>True</canTargetAnimals>
      </targetParams>
    </verbProperties>
    <comps>
      <li Class = "LingGame.LingAliCompProperties_Heal">
        <compClass>LingGame.LingAliComp_Heal</compClass>
        <BindAmount>5</BindAmount>
      </li>
    </comps>
  </AbilityDef>
  <!-- 性转 -->
  <AbilityDef ParentName="PsycastBase">
    <defName>LingAbiSexConversion</defName>
    <label>sex change</label>
    <description>变换对方的性别,对无性别生物无效</description>
    <level>1</level>
    <iconPath>UI/Abilities/LingAbiSexConversion</iconPath>
    <statBases>
      <Ability_EntropyGain>30</Ability_EntropyGain>
    </statBases>
    <verbProperties>
      <warmupTime>1</warmupTime>
      <range>25</range>
      <targetParams>
        <canTargetSelf>True</canTargetSelf>
        <canTargetAnimals>True</canTargetAnimals>
      </targetParams>
    </verbProperties>
    <comps>
      <li Class = "LingGame.LingAliCompProperties_SexConversion">
        <compClass>LingGame.LingAliComp_SexConversion</compClass>
        <goodwillImpact>-5</goodwillImpact>
      </li>
    </comps>
  </AbilityDef>
  <!-- 伤害汲取 -->
  <AbilityDef ParentName="PsycastBase">
    <defName>LingAbiDamageTransfer</defName>
    <label>suck pain</label>
    <description>将目标身上的所有伤口转移到自己身上</description>
    <level>3</level>
    <iconPath>UI/Abilities/LingAbiDamageTransfer</iconPath>
    <statBases>
      <Ability_EntropyGain>1</Ability_EntropyGain>
    </statBases>
    <verbProperties>
      <warmupTime>1</warmupTime>
      <range>15</range>
      <targetParams>
        <!-- <canTargetSelf>True</canTargetSelf> -->
        <canTargetAnimals>True</canTargetAnimals>
      </targetParams>
    </verbProperties>
    <comps>
      <li Class = "LingGame.LingAliCompProperties_DamageTransfer">
        <compClass>LingGame.LingAliComp_DamageTransfer</compClass>
        <goodwillImpact>-5</goodwillImpact>
      </li>
    </comps>
  </AbilityDef>
  <HediffDef>
    <defName>LingAbiDamageTransfer</defName>
    <label>伤害转移</label>
    <description>debugtext</description>
    <hediffClass>LingGame.LingAliHediff_DamageTransfer</hediffClass>
    <comps>
      <li Class="HediffCompProperties_SeverityPerDay">
        <severityPerDay>-1.0</severityPerDay>
        <showDaysToRecover>true</showDaysToRecover>
      </li>
    </comps>
  </HediffDef>
  <!-- 伤害馈赠 -->
  <AbilityDef ParentName="PsycastBase">
    <defName>LingAbiDamageTransOtr</defName>
    <label>gift of pain</label>
    <description>将自己身上的所有伤口转移到目标身上</description>
    <level>6</level>
    <iconPath>UI/Abilities/LingAbiDamageTransOtr</iconPath>
    <statBases>
      <Ability_EntropyGain>200</Ability_EntropyGain>
    </statBases>
    <verbProperties>
      <warmupTime>1</warmupTime>
      <range>5</range>
      <targetParams>
        <!-- <canTargetSelf>True</canTargetSelf> -->
        <canTargetAnimals>True</canTargetAnimals>
      </targetParams>
    </verbProperties>
    <comps>
      <li Class = "LingGame.LingAliCompProperties_DamageGiver">
        <compClass>LingGame.LingAliComp_DamageGiver</compClass>
        <goodwillImpact>-25</goodwillImpact>
      </li>
    </comps>
  </AbilityDef>
  <!-- 尸爆术 -->
  <AbilityDef ParentName="PsycastBase">
    <defName>LingAbiCorpseExplosion</defName>
    <label>corpse explosion</label>
    <description>给目标施加一个尸爆状态,如果目标在一天内死亡则会发生爆炸</description>
    <level>3</level>
    <iconPath>UI/Abilities/LingAbiCorpseExplosion</iconPath>
    <statBases>
      <Ability_EntropyGain>20</Ability_EntropyGain>
    </statBases>
    <verbProperties>
      <warmupTime>0.25</warmupTime>
      <range>35</range>
      <targetParams>
        <canTargetSelf>True</canTargetSelf>
        <canTargetAnimals>True</canTargetAnimals>
      </targetParams>
    </verbProperties>
    <comps>
      <li Class = "CompProperties_AbilityGiveHediff">
        <compClass>CompAbilityEffect_GiveHediff</compClass>
        <hediffDef>LingAbiHediffCorpseExplosion</hediffDef>
        <!-- <durationMultiplier>PsychicSensitivity</durationMultiplier> -->
        <!-- <psychic>True</psychic> -->
        <applicableToMechs>true</applicableToMechs>
      </li>
    </comps>
  </AbilityDef>
  <HediffDef ParentName = "PsycastHediffBase">
    <defName>LingAbiHediffCorpseExplosion</defName>
    <label>尸爆术</label>
    <description>死亡时会发生爆炸</description>
    <initialSeverity>1</initialSeverity>
    <maxSeverity>1</maxSeverity>
    <comps Inherit="false">
      <li Class="HediffCompProperties_SeverityPerDay">
        <severityPerDay>-1</severityPerDay>
        <showDaysToRecover>true</showDaysToRecover>
      </li>
      <li Class="HediffCompProperties_ExplodeOnDeath">
        <destroyGear>true</destroyGear>
        <destroyBody>true</destroyBody>
        <explosionRadius>4.5</explosionRadius>
        <damageDef>Bomb</damageDef>
        <damageAmount>40</damageAmount>
      </li>
    </comps>
  </HediffDef>
  <!-- 扩散尸爆术 -->
  <!-- <AbilityDef ParentName="PsycastBase">
    <defName>LingAbiCorpseExplosionPlus</defName>
    <label>super corpse explosion</label>
    <description>给目标施加一个尸爆状态,如果目标在一天内死亡则会发生爆炸,并给炸到的目标也附加尸爆</description>
    <level>3</level>
    <iconPath>UI/Abilities/LingAbiCorpseExplosionPlus</iconPath>
    <statBases>
      <Ability_EntropyGain>60</Ability_EntropyGain>
    </statBases>
    <verbProperties>
      <warmupTime>0.25</warmupTime>
      <range>35</range>
      <targetParams>
        <canTargetSelf>True</canTargetSelf>
        <canTargetAnimals>True</canTargetAnimals>
      </targetParams>
    </verbProperties>
    <comps>
      <li Class = "CompProperties_AbilityGiveHediff">
        <compClass>CompAbilityEffect_GiveHediff</compClass>
        <hediffDef>LingAbiHediffCorpseExplosionPlus</hediffDef>
        <applicableToMechs>true</applicableToMechs>
      </li>
    </comps>
  </AbilityDef> -->
  <HediffDef ParentName = "PsycastHediffBase">
    <defName>LingAbiHediffCorpseExplosionPlus</defName>
    <label>扩散尸爆术</label>
    <defaultLabelColor>(1, 0.3, 0.3)</defaultLabelColor>
    <description>死亡时会发生爆炸,并对目标也附加尸爆术</description>
    <comps Inherit="false">
      <li Class="HediffCompProperties_SeverityPerDay">
        <severityPerDay>-0.5</severityPerDay>
        <showDaysToRecover>true</showDaysToRecover>
      </li>
      <li Class="HediffCompProperties_ExplodeOnDeath">
        <destroyGear>true</destroyGear>
        <destroyBody>true</destroyBody>
        <explosionRadius>4.5</explosionRadius>
        <damageDef>LingAbiBombCorpseExplosion</damageDef>
        <damageAmount>40</damageAmount>
      </li>
    </comps>
  </HediffDef>
  <DamageDef ParentName="Bomb">
    <defName>LingAbiBombCorpseExplosion</defName>
    <additionalHediffs>
      <li>
        <hediff>LingAbiHediffCorpseExplosion</hediff>
        <severityPerDamageDealt>1</severityPerDamageDealt>
      </li>
    </additionalHediffs>
  </DamageDef>
  <!-- 充电 -->
  <AbilityDef ParentName="PsycastBase">
    <defName>LingAbiCharge</defName>
    <label>charge</label>
    <description>使指定电池的能量增加100Wd</description>
    <level>2</level>
    <iconPath>UI/Abilities/LingAbiCharge</iconPath>
    <statBases>
      <Ability_EntropyGain>10</Ability_EntropyGain>
    </statBases>
    <verbProperties>
      <warmupTime>0.5</warmupTime>
      <range>10</range>
      <targetParams>
        <canTargetPawns>False</canTargetPawns>
        <canTargetItems>False</canTargetItems>
        <canTargetBuildings>True</canTargetBuildings>
      </targetParams>
    </verbProperties>
    <comps>
      <li Class = "LingGame.LingAliCompProperties_Charge">
        <compClass>LingGame.LingAliComp_Charge</compClass>
        <Power>100</Power>
      </li>
    </comps>
  </AbilityDef>
  <!-- 闪烁 -->
  <AbilityDef ParentName="PsycastBase">
    <defName>LingAbiSkipAndBack</defName>
    <label>flicker</label>
    <description>跃迁到指定目标,1.5秒后返回原位置</description>
    <level>4</level>
    <iconPath>UI/Abilities/LingAbiSkipAndBack</iconPath>
    <statBases>
      <Ability_EntropyGain>30</Ability_EntropyGain>
    </statBases>
    <verbProperties>
      <warmupTime>0.25</warmupTime>
      <range>35</range>
      <targetParams>
        <canTargetHumans>False</canTargetHumans>
        <canTargetMechs>False</canTargetMechs>
        <canTargetAnimals>False</canTargetAnimals>
        <canTargetLocations>True</canTargetLocations>
        <canTargetSelf>False</canTargetSelf>
      </targetParams>
    </verbProperties>
    <comps>
      <li Class = "LingGame.CompProperties_TeleportSkipAndBack">
        <compClass>LingGame.LingAliComp_SkipAndBack</compClass>
        <requiresLineOfSight>False</requiresLineOfSight>
        <backTime>1.5</backTime>
      </li>
    </comps>
  </AbilityDef>
  <HediffDef>
    <defName>LingAbiHediffSkipAndBack</defName>
    <label>回溯</label>
    <hediffClass>LingGame.Hediff_SkipAndBack</hediffClass>
    <defaultLabelColor>(1,1,1)</defaultLabelColor>
    <description>在结束后回到指定位置</description>
  </HediffDef>
  <!-- 兔化 -->
  <AbilityDef ParentName="PsycastBase">
    <defName>LingAbiForRabbit</defName>
    <label>become rabbit</label>
    <description>将目标变成兔子</description>
    <level>5</level>
    <iconPath>UI/Abilities/LingAbiForRabbit</iconPath>
    <statBases>
      <Ability_EntropyGain>200</Ability_EntropyGain>
    </statBases>
    <verbProperties>
      <warmupTime>1.5</warmupTime>
      <range>5</range>
      <targetParams>
        <canTargetSelf>False</canTargetSelf>
        <canTargetAnimals>True</canTargetAnimals>
      </targetParams>
    </verbProperties>
    <comps>
      <li Class = "LingGame.LingAliCompProperties_ForRabbit">
        <compClass>LingGame.LingAliComp_ForRabbit</compClass>
      </li>
    </comps>
  </AbilityDef>
  <!-- 兽群 -->
  <AbilityDef ParentName="PsycastBase">
    <defName>LingAbiMadBeast</defName>
    <label>mad beast</label>
    <description>召唤一群不分敌我的猎杀人类的野兽</description>
    <level>6</level>
    <iconPath>UI/Abilities/LingAbiMadBeast</iconPath>
    <hotKey>Misc10</hotKey>
    <statBases>
      <Ability_EntropyGain>150</Ability_EntropyGain>
    </statBases>
    <verbProperties>
      <warmupTime>1</warmupTime>
      <range>25</range>
      <targetParams>
        <canTargetPawns>False</canTargetPawns>
        <canTargetLocations>True</canTargetLocations>
      </targetParams>
    </verbProperties>
    <comps>
      <li Class = "LingGame.LingAliCompProperties_MadBeast">
        <compClass>LingGame.LingAliComp_MadBeast</compClass>
        <Animals>
          <li>Warg</li>
          <li>Bear_Grizzly</li>
          <li>Cougar</li>
          <li>Elephant</li>
          <li>Megaspider</li>
          <li>Thrumbo</li>
          <li>Megasloth</li>
          <li>Rhinoceros</li>
        </Animals>
        <Amount>2500</Amount>
        <Weapon>True</Weapon>
      </li>
    </comps>
  </AbilityDef>
  <HediffDef>
    <defName>LingAbiHediffFalse</defName>
    <label>幻影</label>
    <hediffClass>LingGame.Hediff_FalsePawn</hediffClass>
    <defaultLabelColor>(0.6, 0.6, 0.6)</defaultLabelColor>
    <description>这个生物只是一个幻影,死亡便会消散</description>
  </HediffDef>

</Defs>